ts,close
1546300800,7.784e-05
1546387200,8.04e-05
1546473600,9.649e-05
1546560000,0.00011441
1546646400,0.00010291
1546732800,9.684e-05
1546819200,9.36e-05
1546905600,0.00010621
1546992000,9.957e-05
1547078400,9.674e-05
1547164800,0.0001213
1547251200,0.00011255
1547337600,0.00012412
1547424000,0.00013314
1547510400,0.00014378
1547596800,0.00013624
1547683200,0.00013137
1547769600,0.0001363
1547856000,0.0001315
1547942400,0.00013649
1548028800,0.00014103
1548115200,0.00014949
1548201600,0.00014208
1548288000,0.00014055
1548374400,0.00013262
1548460800,0.00013073
1548547200,0.0001212
1548633600,0.0001196
1548720000,0.00013213
1548806400,0.0001231
1548892800,0.00011192
1548979200,0.00012006
1549065600,0.00011835
1549152000,0.00011461
1549238400,0.00011395
1549324800,0.00012166
1549411200,0.00011754
1549497600,0.00011831
1549584000,0.00011986
1549670400,0.00012632
1549756800,0.0001224
1549843200,0.00011809
1549929600,0.00011767
1550016000,0.0001225
1550102400,0.00011814
1550188800,0.00012072
1550275200,0.00012112
1550361600,0.00012599
1550448000,0.00012106
1550534400,0.00011628
1550620800,0.00011635
1550707200,0.00011272
1550793600,0.00011299
1550880000,0.00011135
1550966400,0.00010809
1551052800,0.00012328
1551139200,0.00011385
1551225600,0.00011208
1551312000,0.00011121
1551398400,0.00011223
1551484800,0.00011043
1551571200,0.0001102
1551657600,0.00010855
1551744000,0.00011121
1551830400,0.00011115
1551916800,0.00011666
1552003200,0.00011963
1552089600,0.00012035
1552176000,0.00012703
1552262400,0.00011985
1552348800,0.00012574
1552435200,0.00012441
1552521600,0.00012502
1552608000,0.00012395
1552694400,0.00012016
1552780800,0.00012013
1552867200,0.00011931
1552953600,0.00011931
1553040000,0.00011913
1553126400,0.00011436
1553212800,0.00011614
1553299200,0.00011497
1553385600,0.00011359
1553472000,0.00012026
1553558400,0.00011662
1553644800,0.00012246
1553731200,0.00012388
1553817600,0.00012222
1553904000,0.00012031
1553990400,0.000124
1554076800,0.00013349
1554163200,0.00011994
1554249600,0.00011366
1554336000,0.00011023
1554422400,0.00011488
1554508800,0.00011275
1554595200,0.00011147
1554681600,0.00010742
1554768000,0.00010284
1554854400,9.796e-05
1554940800,9.569e-05
1555027200,9.723e-05
1555113600,0.00010625
1555200000,0.00010215
1555286400,9.735e-05
1555372800,9.619e-05
1555459200,9.589e-05
1555545600,9.908e-05
1555632000,9.711e-05
1555718400,9.67e-05
1555804800,9.421e-05
1555891200,9.194e-05
1555977600,8.647e-05
1556064000,8.794e-05
1556150400,8.548e-05
1556236800,8.313e-05
1556323200,8.364e-05
1556409600,8.494e-05
1556496000,8.268e-05
1556582400,8.916e-05
1556668800,8.818e-05
1556755200,8.418e-05
1556841600,8.831e-05
1556928000,8.491e-05
1557014400,8.733e-05
1557100800,0.00010022
1557187200,9.256e-05
1557273600,9.897e-05
1557360000,0.00010287
1557446400,0.00010533
1557532800,9.548e-05
1557619200,9.43e-05
1557705600,8.293e-05
1557792000,0.00010384
1557878400,0.00010341
1557964800,0.0001179
1558051200,0.00012109
1558137600,0.00012901
1558224000,0.00012128
1558310400,0.00014034
1558396800,0.00014949
1558483200,0.00016015
1558569600,0.00017035
1558656000,0.00016758
1558742400,0.00013886
1558828800,0.00012509
1558915200,0.0001387
1559001600,0.00014672
1559088000,0.00013558
1559174400,0.0001211
1559260800,0.00011931
1559347200,0.00011202
1559433600,0.00011615
1559520000,0.00011086
1559606400,0.00011516
1559692800,0.00014101
1559779200,0.00014264
1559865600,0.00014733
1559952000,0.00014383
1560038400,0.00013897
1560124800,0.00015127
1560211200,0.00014214
1560297600,0.00014086
1560384000,0.0002274
1560470400,0.00018936
1560556800,0.00019533
1560643200,0.00018569
1560729600,0.00021078
1560816000,0.0002002
1560902400,0.00019803
1560988800,0.00018561
1561075200,0.00016617
1561161600,0.00017186
1561248000,0.00016648
1561334400,0.00016909
1561420800,0.0001856
1561507200,0.0001742
1561593600,0.00020223
1561680000,0.00024476
1561766400,0.00031275
1561852800,0.000313
1561939200,0.00034281
1562025600,0.00034547
1562112000,0.000292
1562198400,0.00031
1562284800,0.00033117
1562371200,0.00030804
1562457600,0.00028699
1562544000,0.00027238
1562630400,0.00024456
1562716800,0.00025797
1562803200,0.00024636
1562889600,0.00026967
1562976000,0.00027925
1563062400,0.00027325
1563148800,0.0002485
1563235200,0.00023201
1563321600,0.00024807
1563408000,0.00025123
1563494400,0.00024771
1563580800,0.00024558
1563667200,0.00023929
1563753600,0.00023276
1563840000,0.00023851
1563926400,0.00024564
1564012800,0.0002394
1564099200,0.00024366
1564185600,0.00023641
1564272000,0.0002324
1564358400,0.00022359
1564444800,0.00021566
1564531200,0.0002195
1564617600,0.00020829
1564704000,0.00023054
1564790400,0.00022381
1564876800,0.00022938
1564963200,0.00020774
1565049600,0.00021619
1565136000,0.0001994
1565222400,0.00018971
1565308800,0.00018237
1565395200,0.00020633
1565481600,0.00021003
1565568000,0.00020939
1565654400,0.00022245
1565740800,0.00022707
1565827200,0.00023516
1565913600,0.00022289
1566000000,0.00023538
1566086400,0.00024299
1566172800,0.00022882
1566259200,0.00021954
1566345600,0.00021736
1566432000,0.00021991
1566518400,0.00021494
1566604800,0.00021409
1566691200,0.00020488
1566777600,0.00019996
1566864000,0.00020735
1566950400,0.00019482
1567036800,0.00018726
1567123200,0.00018757
1567209600,0.00018543
1567296000,0.00018189
1567382400,0.00017674
1567468800,0.0001742
1567555200,0.0001684
1567641600,0.0001695
1567728000,0.00016705
1567814400,0.00016913
1567900800,0.00017585
1567987200,0.0001733
1568073600,0.0001782
1568160000,0.00017004
1568246400,0.00016399
1568332800,0.00015247
1568419200,0.00015138
1568505600,0.00015634
1568592000,0.00015406
1568678400,0.00015939
1568764800,0.00017715
1568851200,0.00018278
1568937600,0.00017908
1569024000,0.00018878
1569110400,0.00018109
1569196800,0.00018589
1569283200,0.00020186
1569369600,0.00020727
1569456000,0.00020482
1569542400,0.00020287
1569628800,0.0002041
1569715200,0.00021135
1569801600,0.00021329
1569888000,0.00022038
1569974400,0.00024074
1570060800,0.00023635
1570147200,0.00024205
1570233600,0.00024146
1570320000,0.00027572
1570406400,0.00029263
1570492800,0.00031526
1570579200,0.00032735
1570665600,0.00030724
1570752000,0.00033267
1570838400,0.00031299
1570924800,0.00030018
1571011200,0.00030338
1571097600,0.00029371
1571184000,0.00029705
1571270400,0.00029982
1571356800,0.00029615
1571443200,0.00029587
1571529600,0.00029746
1571616000,0.00031966
1571702400,0.00032501
1571788800,0.00034877
1571875200,0.00036715
1571961600,0.00032786
1572048000,0.00029592
1572134400,0.0002808
1572220800,0.0002892
1572307200,0.00028284
1572393600,0.00028485
1572480000,0.00029674
1572566400,0.00029355
1572652800,0.00029046
1572739200,0.00028931
1572825600,0.00028485
1572912000,0.00028713
1572998400,0.00029401
1573084800,0.00029064
1573171200,0.00030855
1573257600,0.00031804
1573344000,0.00030757
1573430400,0.00031426
1573516800,0.00031939
1573603200,0.00034402
1573689600,0.00035152
1573776000,0.00035851
1573862400,0.00035208
1573948800,0.00034236
1574035200,0.00034072
1574121600,0.00033537
1574208000,0.00033345
1574294400,0.00033329
1574380800,0.00032255
1574467200,0.00033198
1574553600,0.00032188
1574640000,0.00031711
1574726400,0.00031374
1574812800,0.000296
1574899200,0.00030628
1574985600,0.00030255
1575072000,0.00029681
1575158400,0.00029253
1575244800,0.00028672
1575331200,0.00029101
1575417600,0.00028213
1575504000,0.00027156
1575590400,0.0002778
1575676800,0.00027274
1575763200,0.00027323
1575849600,0.00028567
1575936000,0.00031338
1576022400,0.00030198
1576108800,0.00029244
1576195200,0.0002853
1576281600,0.00028244
1576368000,0.000291
1576454400,0.00028614
1576540800,0.00026578
1576627200,0.00025714
1576713600,0.00025244
1576800000,0.00026661
1576886400,0.00026027
1576972800,0.00025578
1577059200,0.00025448
1577145600,0.00025401
1577232000,0.00024784
1577318400,0.0002574
1577404800,0.0002589
1577491200,0.00025611
1577577600,0.00025664
1577664000,0.0002519
1577750400,0.00024584
1577836800,0.00025172
1577923200,0.00024956
1578009600,0.00024576
1578096000,0.00024805
1578182400,0.00024387
1578268800,0.00024951
1578355200,0.000258
1578441600,0.00027154
1578528000,0.00027993
1578614400,0.00027198
1578700800,0.00028346
1578787200,0.0002735
1578873600,0.00026998
1578960000,0.0002691
1579046400,0.00027161
1579132800,0.00028563
1579219200,0.00030294
1579305600,0.00031107
1579392000,0.00030118
1579478400,0.00031131
1579564800,0.00030617
1579651200,0.00030436
1579737600,0.00029366
1579824000,0.00029642
1579910400,0.00029301
1579996800,0.000299
1580083200,0.00029256
1580169600,0.00028321
1580256000,0.00029889
1580342400,0.00030614
1580428800,0.00030221
1580515200,0.00030226
1580601600,0.00030269
1580688000,0.00029818
1580774400,0.00029776
1580860800,0.00029513
1580947200,0.00029569
1581033600,0.00033678
1581120000,0.00034537
1581206400,0.00034419
1581292800,0.00034388
1581379200,0.00039063
1581465600,0.00038682
1581552000,0.00037861
1581638400,0.00042794
1581724800,0.00043711
1581811200,0.00044988
1581897600,0.00044407
1581984000,0.00044783
1582070400,0.0004573
1582156800,0.0004442
1582243200,0.00044199
1582329600,0.00042549
1582416000,0.00042631
1582502400,0.00040563
1582588800,0.00037463
1582675200,0.00040551
1582761600,0.00044841
1582848000,0.00047924
1582934400,0.00047699
1583020800,0.00045228
1583107200,0.00047585
1583193600,0.00052324
1583280000,0.00052992
1583366400,0.00052034
1583452800,0.00051205
1583539200,0.00048927
1583625600,0.00050449
1583712000,0.0005201
1583798400,0.00051741
1583884800,0.00048131
1583971200,0.00041665
1584057600,0.0004358
1584144000,0.00041256
1584230400,0.00038984
1584316800,0.00035549
1584403200,0.00035133
1584489600,0.00036107
1584576000,0.0003642
1584662400,0.00036435
1584748800,0.00036738
1584835200,0.00034131
1584921600,0.0003476
1585008000,0.00034287
1585094400,0.00033782
1585180800,0.00034324
1585267200,0.00033604
1585353600,0.00034255
1585440000,0.00034162
1585526400,0.00033393
1585612800,0.00035346
1585699200,0.00034276
1585785600,0.00033766
1585872000,0.00034185
1585958400,0.00033762
1586044800,0.00033431
1586131200,0.00034852
1586217600,0.00037938
1586304000,0.00043034
1586390400,0.00045448
1586476800,0.00046948
1586563200,0.00047863
1586649600,0.0004949
1586736000,0.00049275
1586822400,0.00047333
1586908800,0.00047131
1586995200,0.00049058
1587081600,0.00049155
1587168000,0.0005215
1587254400,0.00050429
1587340800,0.00050273
1587427200,0.00050502
1587513600,0.00051645
1587600000,0.00050169
1587686400,0.00050296
1587772800,0.00050237
1587859200,0.00048361
1587945600,0.0004678
1588032000,0.00047061
1588118400,0.00044291
1588204800,0.0004295
1588291200,0.00042586
1588377600,0.0004256
1588464000,0.00041709
1588550400,0.0004225
1588636800,0.00040819
1588723200,0.00039211
1588809600,0.00037612
1588896000,0.00038752
1588982400,0.00042091
1589068800,0.00043055
1589155200,0.00041827
1589241600,0.00041927
1589328000,0.00040453
1589414400,0.0003892
1589500800,0.00039288
1589587200,0.00040073
1589673600,0.00039083
1589760000,0.00039988
1589846400,0.00040349
1589932800,0.00042968
1590019200,0.0004223
1590105600,0.00044285
1590192000,0.00042747
1590278400,0.00043469
1590364800,0.00043391
1590451200,0.00043504
1590537600,0.00041908
1590624000,0.00042231
1590710400,0.00042234
1590796800,0.00043046
1590883200,0.00043704
1590969600,0.00042952
1591056000,0.00046172
1591142400,0.00046428
1591228800,0.00045185
1591315200,0.0004528
1591401600,0.0004501
1591488000,0.00044609
1591574400,0.00045756
1591660800,0.00045407
1591747200,0.00044741
1591833600,0.00042636
1591920000,0.00043119
1592006400,0.00043396
1592092800,0.00042176
1592179200,0.00041668
1592265600,0.00042501
1592352000,0.00044018
1592438400,0.0004413
1592524800,0.00044031
1592611200,0.00044645
1592697600,0.00044988
1592784000,0.00046298
1592870400,0.00049956
1592956800,0.00050642
1593043200,0.00052016
1593129600,0.00051089
1593216000,0.00048886
1593302400,0.00050058
1593388800,0.00050242
1593475200,0.00049936
1593561600,0.00051
1593648000,0.0005282
1593734400,0.000522
1593820800,0.00052709
1593907200,0.00052265
1593993600,0.00057387
1594080000,0.00061853
1594166400,0.00068877
1594252800,0.00065891
1594339200,0.00066189
1594425600,0.0006613
1594512000,0.0007893
1594598400,0.0007746
1594684800,0.00087734
1594771200,0.00094034
1594857600,0.0009149
1594944000,0.00090251
1595030400,0.00086906
1595116800,0.000878
1595203200,0.00078925
1595289600,0.00077816
1595376000,0.00078499
1595462400,0.0008226
1595548800,0.0007794
1595635200,0.00079102
1595721600,0.00075498
1595808000,0.000643
1595894400,0.00066318
1595980800,0.00063834
1596067200,0.0006675
1596153600,0.00068845
1596240000,0.00070504
1596326400,0.00074843
1596412800,0.00082442
1596499200,0.00088169
1596585600,0.00081107
1596672000,0.00086933
1596758400,0.00087438
1596844800,0.00108153
1596931200,0.00118204
1597017600,0.00113389
1597104000,0.00114023
1597190400,0.0014237
1597276800,0.00145761
1597363200,0.0014415
1597449600,0.00162075
1597536000,0.00157912
1597622400,0.00136735
1597708800,0.00135396
1597795200,0.00137663
1597881600,0.0013538
1597968000,0.0011989
1598054400,0.00135514
1598140800,0.00130048
1598227200,0.00128836
1598313600,0.00124723
1598400000,0.0013268
1598486400,0.00128133
1598572800,0.00131122
1598659200,0.0014283
1598745600,0.00140688
1598832000,0.00133659
1598918400,0.0013465
1599004800,0.00129901
1599091200,0.00117086
1599177600,0.00118466
1599264000,0.00104468
1599350400,0.0012489
1599436800,0.00120285
1599523200,0.00115955
1599609600,0.00120863
1599696000,0.00120962
1599782400,0.00119768
1599868800,0.00121806
1599955200,0.00116773
1600041600,0.00113762
1600128000,0.00101311
1600214400,0.0009803
1600300800,0.00100743
1600387200,0.00092331
1600473600,0.00091298
1600560000,0.00089158
1600646400,0.00083679
1600732800,0.00083001
1600819200,0.0007458
1600905600,0.00091919
1600992000,0.00100375
1601078400,0.00096091
1601164800,0.00100203
1601251200,0.00096119
1601337600,0.00093471
1601424000,0.00091584
1601510400,0.000908
1601596800,0.00087196
1601683200,0.00087945
1601769600,0.00088067
1601856000,0.00089155
1601942400,0.00082709
1602028800,0.000842
1602115200,0.00087461
1602201600,0.00094052
1602288000,0.00093071
1602374400,0.00095451
1602460800,0.00099076
1602547200,0.00096312
1602633600,0.00095466
1602720000,0.00093413
1602806400,0.00093503
1602892800,0.00093529
1602979200,0.00095189
1603065600,0.00092864
1603152000,0.00082856
1603238400,0.00084381
1603324800,0.00092171
1603411200,0.00094058
1603497600,0.00096836
1603584000,0.00093294
1603670400,0.00089765
1603756800,0.00087454
1603843200,0.00086212
1603929600,0.00083825
1604016000,0.00081785
1604102400,0.00081424
1604188800,0.000841
1604275200,0.00079558
1604361600,0.00074148
1604448000,0.00074046
1604534400,0.00070473
1604620800,0.00078123
1604707200,0.00079341
1604793600,0.00082188
1604880000,0.00081695
1604966400,0.00084981
1605052800,0.00081404
1605139200,0.00076125
1605225600,0.00078894
1605312000,0.00078111
1605398400,0.00076014
1605484800,0.00075542
1605571200,0.00075844
1605657600,0.00076281
1605744000,0.00076451
1605830400,0.00075517
1605916800,0.00082594
1606003200,0.00078803
1606089600,0.00083115
1606176000,0.000817
1606262400,0.00075937
1606348800,0.00073437
1606435200,0.00072901
1606521600,0.00073828
1606608000,0.00073547
1606694400,0.00072393
1606780800,0.00071155
1606867200,0.00072781
1606953600,0.00071969
1607040000,0.00068
1607126400,0.000688
1607212800,0.00069736
1607299200,0.00068203
1607385600,0.00066223
1607472000,0.00068046
1607558400,0.00065262
1607644800,0.00064542
1607731200,0.0006501
1607817600,0.00067481
1607904000,0.00066689
1607990400,0.00065266
1608076800,0.00063195
1608163200,0.00058941
1608249600,0.00058423
1608336000,0.00056535
1608422400,0.00055663
1608508800,0.00054148
1608595200,0.00053708
1608681600,0.00047251
1608768000,0.00048756
1608854400,0.00046774
1608940800,0.00041455
1609027200,0.00046229
1609113600,0.00046563
1609200000,0.00043002
1609286400,0.00038936
1609372800,0.00038856
1609459200,0.00040373
1609545600,0.00037968
1609632000,0.00041459
1609718400,0.00042486
1609804800,0.00042786
1609891200,0.00046896
1609977600,0.00040481
1610064000,0.00037538
1610150400,0.00043794
1610236800,0.00042458
1610323200,0.00041321
1610409600,0.00041017
1610496000,0.00042669
1610582400,0.00045918
1610668800,0.00056458
1610755200,0.00055913
1610841600,0.00064887
1610928000,0.00060157
1611014400,0.000573
1611100800,0.00061616
1611187200,0.00059713
1611273600,0.00065398
1611360000,0.0007732
1611446400,0.00076773
1611532800,0.00072392
1611619200,0.0007113
1611705600,0.00069091
1611792000,0.00069004
1611878400,0.00066449
1611964800,0.00069
1612051200,0.00068143
1612137600,0.0006826
1612224000,0.00066615
1612310400,0.00066687
1612396800,0.00066317
1612483200,0.00068631
1612569600,0.00063858
1612656000,0.00063734
1612742400,0.00054805
1612828800,0.00059429
1612915200,0.00059846
1613001600,0.00058083
1613088000,0.00064705
1613174400,0.00072552
1613260800,0.00068231
1613347200,0.00067876
1613433600,0.00065
1613520000,0.00061892
1613606400,0.00062946
1613692800,0.00062055
1613779200,0.00060716
1613865600,0.00059392
1613952000,0.00058118
1614038400,0.00053032
1614124800,0.00056523
1614211200,0.00052519
1614297600,0.00054388
1614384000,0.00056838
1614470400,0.00054694
1614556800,0.00055853
1614643200,0.00058762
1614729600,0.00059287
1614816000,0.0005726
1614902400,0.00057135
1614988800,0.00057596
1615075200,0.00056067
1615161600,0.00060763
1615248000,0.0005737
1615334400,0.00053536
1615420800,0.00052162
1615507200,0.00049562
1615593600,0.000486
1615680000,0.00048448
1615766400,0.00049455
1615852800,0.00049051
1615939200,0.00052711
1616025600,0.00050995
1616112000,0.00051296
1616198400,0.00051012
1616284800,0.00050926
1616371200,0.00050385
1616457600,0.00049256
1616544000,0.00047544
1616630400,0.00049777
1616716800,0.00049792
1616803200,0.00048129
1616889600,0.000478
1616976000,0.00048645
1617062400,0.00047384
1617148800,0.000501
1617235200,0.00051199
1617321600,0.00055122
1617408000,0.0005135
1617494400,0.00052825
1617580800,0.00054785
1617667200,0.00059886
1617753600,0.00055626
1617840000,0.00056458
1617926400,0.00054323
1618012800,0.00053363
1618099200,0.00056458
1618185600,0.00055306
1618272000,0.00055899
1618358400,0.00065655
1618444800,0.00067412
1618531200,0.00068448
1618617600,0.00066579
1618704000,0.00069555
1618790400,0.00064249
1618876800,0.00069134
1618963200,0.00067366
1619049600,0.00067974
1619136000,0.00068832
1619222400,0.00062462
1619308800,0.0006458
1619395200,0.00065035
1619481600,0.00066858
1619568000,0.00066085
1619654400,0.00068063
1619740800,0.00066087
1619827200,0.00071382
1619913600,0.00069771
1620000000,0.0007356
1620086400,0.0008553
1620172800,0.00086373
1620259200,0.00083559
1620345600,0.00085779
1620432000,0.00082635
1620518400,0.00089741
1620604800,0.00083
1620691200,0.00086139
1620777600,0.00083775
1620864000,0.00087095
1620950400,0.00093477
1621036800,0.00088726
1621123200,0.00087542
1621209600,0.00085353
1621296000,0.00099263
1621382400,0.00071464
1621468800,0.00075535
1621555200,0.00068604
1621641600,0.00062181
1621728000,0.00057235
1621814400,0.00068073
1621900800,0.00071828
1621987200,0.00086754
1622073600,0.00082361
1622160000,0.00078092
1622246400,0.00073321
1622332800,0.000752
1622419200,0.00086116
1622505600,0.00083726
1622592000,0.00081639
1622678400,0.00082066
1622764800,0.00078261
1622851200,0.000764
1622937600,0.00076877
1623024000,0.00073222
1623110400,0.00072197
1623196800,0.00068419
1623283200,0.00063027
1623369600,0.00057548
1623456000,0.00060962
1623542400,0.0005975
1623628800,0.00061585
1623715200,0.00061016
1623801600,0.00060046
1623888000,0.0006137
1623974400,0.00059274
1624060800,0.00057062
1624147200,0.00060795
1624233600,0.00054957
1624320000,0.00051838
1624406400,0.00054615
1624492800,0.00054985
1624579200,0.00053431
1624665600,0.000525
1624752000,0.00053042
1624838400,0.00054571
1624924800,0.00054413
1625011200,0.00055684
1625097600,0.00054296
1625184000,0.00054086
1625270400,0.00053478
1625356800,0.00054534
1625443200,0.00054487
1625529600,0.00058676
1625616000,0.00058453
1625702400,0.00055871
1625788800,0.00055139
1625875200,0.00054345
1625961600,0.00053659
1626048000,0.00052954
1626134400,0.00051545
1626220800,0.00051628
1626307200,0.00049457
1626393600,0.00048537
1626480000,0.00048725
1626566400,0.00048698
1626652800,0.00047099
1626739200,0.00046133
1626825600,0.00047565
1626912000,0.00049807
1626998400,0.00049073
1627084800,0.00048697
1627171200,0.00047331
1627257600,0.00048394
1627344000,0.00049387
1627430400,0.00047736
1627516800,0.00048399
1627603200,0.00052776
1627689600,0.00054799
1627776000,0.00055384
1627862400,0.00059957
1627948800,0.0006268
1628035200,0.00060877
1628121600,0.00058882
1628208000,0.0005578
1628294400,0.00055402
1628380800,0.00052557
1628467200,0.00052329
1628553600,0.00053882
1628640000,0.00056911
1628726400,0.00056176
1628812800,0.0005801
1628899200,0.00057691
1628985600,0.00059415
1629072000,0.00060878
1629158400,0.00058531
1629244800,0.00056631
1629331200,0.00057933
1629417600,0.00058163
1629504000,0.00057012
1629590400,0.00056837
1629676800,0.00057704
1629763200,0.0005397
1629849600,0.00054344
1629936000,0.0005207
1630022400,0.0005307
1630108800,0.0005265
1630195200,0.0005285
1630281600,0.0005328
1630368000,0.0005669
1630454400,0.0006088
1630540800,0.0006079
1630627200,0.0006153
1630713600,0.0005988
1630800000,0.0006479
1630886400,0.0006607
1630972800,0.0006021
1631059200,0.0005897
1631145600,0.0006035
1631232000,0.0005878
1631318400,0.000598
1631404800,0.0006396
1631491200,0.0005997
1631577600,0.0006537
1631664000,0.0006376
1631750400,0.0006239
1631836800,0.0005861
1631923200,0.0005879
1632009600,0.0005794
1632096000,0.0005479
1632182400,0.0005259
1632268800,0.0005615
1632355200,0.0005664
1632441600,0.0005434
1632528000,0.0005741
1632614400,0.0005699
1632700800,0.000546
1632787200,0.0005385
1632873600,0.0005502
1632960000,0.0005477
1633046400,0.0005465
1633132800,0.0005647
1633219200,0.0005716
1633305600,0.0005406
1633392000,0.000529
1633478400,0.0004844
1633564800,0.0004986
1633651200,0.0004889
1633737600,0.0004994
1633824000,0.0004674
1633910400,0.0004388
1633996800,0.0004398
1634083200,0.0004474
1634169600,0.0004657
1634256000,0.0004379
1634342400,0.0004473
1634428800,0.0004314
1634515200,0.0004145
1634601600,0.0004031
1634688000,0.0004165
1634774400,0.0004543
1634860800,0.0004723
1634947200,0.0005119
1635033600,0.0004883
1635120000,0.0005134
1635206400,0.0005392
1635292800,0.0004945
1635379200,0.0004984
1635465600,0.0004973
1635552000,0.0004813
1635638400,0.0004893
1635724800,0.0005198
1635811200,0.0005103
1635897600,0.000508
1635984000,0.0005047
1636070400,0.000539
1636156800,0.0005211
1636243200,0.0005109
1636329600,0.0005102
1636416000,0.0005053
1636502400,0.000527
1636588800,0.0005355
1636675200,0.0005344
1636761600,0.0005281
1636848000,0.0005153
1636934400,0.0005039
1637020800,0.0004853
1637107200,0.000484
1637193600,0.0004667
1637280000,0.000487
1637366400,0.0004752
1637452800,0.0004946
1637539200,0.0004762
1637625600,0.0004681
1637712000,0.0004477
1637798400,0.0004475
1637884800,0.0004458
1637971200,0.0004403
1638057600,0.0004324
1638144000,0.0004325
1638230400,0.0004444
1638316800,0.0004429
1638403200,0.0004344
1638489600,0.000435
1638576000,0.0004201
1638662400,0.0003945
1638748800,0.0003928
1638835200,0.0004168
1638921600,0.000454
1639008000,0.0004261
1639094400,0.0003935
1639180800,0.0004041
1639267200,0.0004078
1639353600,0.0003807
1639440000,0.0003815
1639526400,0.0004028
1639612800,0.000394
1639699200,0.000396
1639785600,0.0004171
1639872000,0.0004042
1639958400,0.0004003
1640044800,0.0003972
1640131200,0.0004098
1640217600,0.0004363
1640304000,0.0004224
1640390400,0.0004385
1640476800,0.0004525
1640563200,0.000454
1640649600,0.0004287
1640736000,0.0004248
1640822400,0.0004231
1640908800,0.0004224
1640995200,0.000435
1641081600,0.0004622
1641168000,0.0005106
1641254400,0.0005111
1641340800,0.0005807
1641427200,0.0005894
1641513600,0.0006251
1641600000,0.0006077
1641686400,0.000658
1641772800,0.000669
1641859200,0.0006225
1641945600,0.0006096
1642032000,0.0005842
1642118400,0.0005974
1642204800,0.0005845
1642291200,0.0005918
1642377600,0.0005638
1642464000,0.0005422
1642550400,0.000517
1642636800,0.0004965
1642723200,0.000478
1642809600,0.0004522
1642896000,0.0004591
1642982400,0.0004249
1643068800,0.0004193
1643155200,0.0004138
1643241600,0.0004096
1643328000,0.0004282
1643414400,0.0004253
1643500800,0.0004691
1643587200,0.000446
1643673600,0.000439
1643760000,0.0004276
1643846400,0.0004369
1643932800,0.0004211
1644019200,0.000429
1644105600,0.0004261
1644192000,0.0004305
1644278400,0.0004171
1644364800,0.0004208
1644451200,0.0004023
1644537600,0.0003823
1644624000,0.0003778
1644710400,0.000371
1644796800,0.0003738
1644883200,0.0003896
1644969600,0.0003904
1645056000,0.0003847
1645142400,0.0003799
1645228800,0.0003871
1645315200,0.0003805
1645401600,0.0003647
1645488000,0.0003658
1645574400,0.000358
1645660800,0.0003464
1645747200,0.0003661
1645833600,0.0003762
1645920000,0.0003618
1646006400,0.0003504
1646092800,0.0003455
1646179200,0.000348
1646265600,0.0003511
1646352000,0.000351
1646438400,0.0003561
1646524800,0.0003467
1646611200,0.0003338
1646697600,0.0003379
1646784000,0.000334
1646870400,0.000334
1646956800,0.0003369
1647043200,0.0003389
1647129600,0.0003363
1647216000,0.0003378
1647302400,0.0003486
1647388800,0.0003567
1647475200,0.0003519
1647561600,0.0003597
1647648000,0.0003555
1647734400,0.0003526
1647820800,0.0003656
1647907200,0.0003644
1647993600,0.0003692
1648080000,0.0003674
1648166400,0.0003518
1648252800,0.0003556
1648339200,0.0003599
1648425600,0.0003503
1648512000,0.000358
1648598400,0.0003657
1648684800,0.0003717
1648771200,0.0003749
1648857600,0.0003799
1648944000,0.0003895
1649030400,0.0003756
1649116800,0.000368
1649203200,0.0003571
1649289600,0.0003625
1649376000,0.000358
1649462400,0.0003608
1649548800,0.0003615
1649635200,0.0003479
1649721600,0.0003487
1649808000,0.0003448
1649894400,0.0003418
1649980800,0.0003479
1650067200,0.0003503
1650153600,0.0003459
1650240000,0.0003445
1650326400,0.0003435
1650412800,0.0003391
1650499200,0.0003353
1650585600,0.000342
1650672000,0.0003375
1650758400,0.0003361
1650844800,0.0003325
1650931200,0.0003243
1651017600,0.0003248
1651104000,0.0003185
1651190400,0.0003102
1651276800,0.0002913
1651363200,0.0002937
1651449600,0.0002899
1651536000,0.0002949
1651622400,0.0003075
1651708800,0.0002987
1651795200,0.0002995
1651881600,0.0002878
1651968000,0.0002936
1652054400,0.000269
1652140800,0.0002766
1652227200,0.0002387
1652313600,0.0002262
1652400000,0.000244
1652486400,0.0002414
1652572800,0.0002541
1652659200,0.0002484
1652745600,0.0002534
1652832000,0.0002371
1652918400,0.0002381
1653004800,0.0002352
1653091200,0.0002396
1653177600,0.0002418
1653264000,0.0002411
1653350400,0.000244
1653436800,0.0002357
1653523200,0.000225
1653609600,0.0002196
1653696000,0.0002264
1653782400,0.0002279
1653868800,0.000235
1653955200,0.0002384
1654041600,0.0002326
1654128000,0.0002364
1654214400,0.0002308
1654300800,0.000248
1654387200,0.0002555
1654473600,0.0002542
1654560000,0.0002798
1654646400,0.000288
1654732800,0.000308
1654819200,0.0002762
1654905600,0.0002478
1654992000,0.0002357
1655078400,0.0002638
1655164800,0.000304
1655251200,0.0003245
1655337600,0.0003117
1655424000,0.0003108
1655510400,0.0003122
1655596800,0.0003208
1655683200,0.0003393
1655769600,0.0003308
1655856000,0.0003315
1655942400,0.0003312
1656028800,0.0003421
1656115200,0.000338
1656201600,0.0003182
1656288000,0.0003161
1656374400,0.0003113
1656460800,0.0003097
1656547200,0.0003146
1656633600,0.0003151
1656720000,0.0003233
1656806400,0.0003218
1656892800,0.0003179
1656979200,0.0003128
1657065600,0.000308
1657152000,0.000307
1657238400,0.0002942
1657324800,0.0003003
1657411200,0.000297
1657497600,0.0003025
1657584000,0.0003077
1657670400,0.000305
1657756800,0.0003046
1657843200,0.0003037
1657929600,0.0003111
1658016000,0.0003052
1658102400,0.0003136
1658188800,0.0003101
1658275200,0.0002957
1658361600,0.0003021
1658448000,0.000299
1658534400,0.0003049
1658620800,0.0003141
1658707200,0.0003017
1658793600,0.0002984
1658880000,0.0002989
1658966400,0.0003027
1659052800,0.0003316
1659139200,0.0003307
1659225600,0.0003286
1659312000,0.0003254
1659398400,0.0003123
1659484800,0.0003191
1659571200,0.0003255
1659657600,0.0003381
1659744000,0.0003396
1659830400,0.00036
1659916800,0.0003614
1660003200,0.0003776
1660089600,0.0003781
1660176000,0.0003742
1660262400,0.0003821
1660348800,0.000374
1660435200,0.0003607
1660521600,0.0003588
1660608000,0.0003542
1660694400,0.0003453
1660780800,0.0003296
1660867200,0.000331
1660953600,0.0003265
1661040000,0.0003291
1661126400,0.0003292
1661212800,0.0003363
1661299200,0.0003333
1661385600,0.0003305
1661472000,0.0003214
1661558400,0.0003258
1661644800,0.0003197
1661731200,0.0003302
1661817600,0.000331
1661904000,0.0003306
1661990400,0.000344
1662076800,0.0003471
1662163200,0.0003458
1662249600,0.0003577
1662336000,0.0003723
1662422400,0.0003543
1662508800,0.0003672
1662595200,0.0003831
1662681600,0.0003625
1662768000,0.0003651
1662854400,0.0003677
1662940800,0.0003465
1663027200,0.0003483
1663113600,0.0003685
1663200000,0.0003841
1663286400,0.0003866
1663372800,0.0004023
1663459200,0.0003875
1663545600,0.0003737
1663632000,0.0003647
1663718400,0.0003619
1663804800,0.0003671
1663891200,0.0003862
1663977600,0.000403
1664064000,0.0004182
1664150400,0.0004131
1664236800,0.0004224
1664323200,0.0004015
1664409600,0.0004033
1664496000,0.0003904
1664582400,0.0003828
1664668800,0.0003732
1664755200,0.0003734
1664841600,0.0003797
1664928000,0.0003906
1665014400,0.0003823
1665100800,0.0003893
1665187200,0.0003839
1665273600,0.0003925
1665360000,0.0003833
1665446400,0.0003743
1665532800,0.000373
1665619200,0.0003627
1665705600,0.0003592
1665792000,0.000361
1665878400,0.0003723
1665964800,0.0003749
1666051200,0.0003686
1666137600,0.0003542
1666224000,0.0003497
1666310400,0.0003554
1666396800,0.0003576
1666483200,0.0003611
1666569600,0.0003574
1666656000,0.0003518
1666742400,0.0003446
1666828800,0.0003396
1666915200,0.0003452
1667001600,0.0003669
1667088000,0.0003773
1667174400,0.0003834
1667260800,0.0003752
1667347200,0.0003691
1667433600,0.000382
1667520000,0.0004121
1667606400,0.0004068
1667692800,0.0003876
1667779200,0.0004349
1667865600,0.0004157
1667952000,0.0003915
1668038400,0.0004096
1668124800,0.0004127
1668211200,0.0003736
1668297600,0.000372
1668384000,0.0003785
1668470400,0.00038
1668556800,0.0003708
1668643200,0.0003728
1668729600,0.0003702
1668816000,0.0003682
1668902400,0.0003543
1668988800,0.0003723
1669075200,0.0003957
1669161600,0.0004039
1669248000,0.0004114
1669334400,0.0004144
1669420800,0.0004348
1669507200,0.0004201
1669593600,0.0004439
1669680000,0.000445
1669766400,0.0004471
1669852800,0.0004525
1669939200,0.0004451
1670025600,0.0004286
1670112000,0.0004351
1670198400,0.0004289
1670284800,0.0004175
1670371200,0.0004087
1670457600,0.0004063
1670544000,0.0004006
1670630400,0.0004005
1670716800,0.0003922
1670803200,0.0003893
1670889600,0.0003896
1670976000,0.0003774
1671062400,0.0003719
1671148800,0.0003544
1671235200,0.0003594
1671321600,0.0003553
1671408000,0.000352
1671494400,0.0003557
1671580800,0.000356
1671667200,0.000357
1671753600,0.000354
1671840000,0.0003515
1671926400,0.0003558
1672012800,0.0003574
1672099200,0.0003533
1672185600,0.0003429
1672272000,0.0003367
1672358400,0.0003297
1672444800,0.000337
1672531200,0.0003387
1672617600,0.0003412
1672704000,0.0003371
1672790400,0.000345
1672876800,0.0003363
1672963200,0.0003371
1673049600,0.0003441
1673136000,0.0003481
1673222400,0.0003531
1673308800,0.0003535
1673395200,0.0003502
1673481600,0.000339
1673568000,0.0003314
1673654400,0.0003272
1673740800,0.0003209
1673827200,0.0003147
1673913600,0.0003221
1674000000,0.0003065
1674086400,0.0003088
1674172800,0.0003063
1674259200,0.000301
1674345600,0.0003076
1674432000,0.0003058
1674518400,0.0002944
1674604800,0.0003016
1674691200,0.0003116
1674777600,0.0003199
1674864000,0.0003133
1674950400,0.0003106
1675036800,0.0003029
1675123200,0.0003005
1675209600,0.0003042
1675296000,0.0003022
1675382400,0.0003113
1675468800,0.0003104
1675555200,0.0003045
1675641600,0.0002999
1675728000,0.0003095
1675814400,0.0003108
1675900800,0.0003204
1675987200,0.0003186
1676073600,0.0003203
1676160000,0.0003127
1676246400,0.0003064
1676332800,0.0003066
1676419200,0.0002993
1676505600,0.0002981
1676592000,0.0003114
1676678400,0.0003242
1676764800,0.00033
1676851200,0.0003225
1676937600,0.0003125
1677024000,0.0003191
1677110400,0.0003316
1677196800,0.000322
1677283200,0.0003186
1677369600,0.0003181
1677456000,0.0003098
1677542400,0.0003109
1677628800,0.000319
1677715200,0.00031
1677801600,0.0003112
1677888000,0.0003069
1677974400,0.0003097
1678060800,0.0003059
1678147200,0.00031
1678233600,0.0003031
1678320000,0.0003024
1678406400,0.0003084
1678492800,0.0003011
1678579200,0.0002978
1678665600,0.0002804
1678752000,0.0002822
1678838400,0.0002695
1678924800,0.0002662
1679011200,0.0002631
1679097600,0.0002573
1679184000,0.0002531
1679270400,0.0002543
1679356800,0.0002623
1679443200,0.0002632
1679529600,0.000269
1679616000,0.0002619
1679702400,0.0002576
1679788800,0.0002596
1679875200,0.0002533
1679961600,0.0002548
1680048000,0.0002605
1680134400,0.0002581
1680220800,0.0002665
1680307200,0.0002653
1680393600,0.0002576
1680480000,0.0002606
1680566400,0.0002617
1680652800,0.0002599
1680739200,0.0002568
1680825600,0.0002604
1680912000,0.0002553
1680998400,0.0002545
1681084800,0.0002478
1681171200,0.0002418
1681257600,0.0002419
1681344000,0.0002455
1681430400,0.0002542
1681516800,0.0002642
1681603200,0.0002685
1681689600,0.0002772
1681776000,0.0002823
1681862400,0.0002692
1681948800,0.0002661
1682035200,0.0002608
1682121600,0.0002579
1682208000,0.0002566
1682294400,0.0002569
1682380800,0.000257
1682467200,0.0002465
1682553600,0.0002432
1682640000,0.0002402
1682726400,0.0002458
1682812800,0.0002403
1682899200,0.0002457
1682985600,0.0002438
1683072000,0.0002456
1683158400,0.0002427
1683244800,0.0002449
1683331200,0.00024
1683417600,0.0002431
1683504000,0.0002379
1683590400,0.000236
1683676800,0.0002387
1683763200,0.0002357
1683849600,0.0002471
1683936000,0.0002424
1684022400,0.0002431
1684108800,0.0002442
1684195200,0.0002464
1684281600,0.0002465
1684368000,0.0002434
1684454400,0.0002423
1684540800,0.0002399
1684627200,0.0002404
1684713600,0.0002433
1684800000,0.000239
1684886400,0.00024
1684972800,0.0002371
1685059200,0.0002376
1685145600,0.0002398
1685232000,0.0002363
1685318400,0.0002394
1685404800,0.0002387
1685491200,0.0002381
1685577600,0.0002366
1685664000,0.0002368
1685750400,0.0002372
1685836800,0.000238
1685923200,0.0002354
1686009600,0.0002299
1686096000,0.0002246
1686182400,0.0002261
1686268800,0.0002262
1686355200,0.0002025
1686441600,0.0001997
1686528000,0.0001993
1686614400,0.0002044
1686700800,0.0002088
1686787200,0.0002075
1686873600,0.000202
1686960000,0.0001992
1687046400,0.0001958
1687132800,0.0001913
1687219200,0.0001861
1687305600,0.0001853
1687392000,0.000186
1687478400,0.0001978
1687564800,0.000201
1687651200,0.0002021
1687737600,0.0002001
1687824000,0.000202
1687910400,0.0001931
1687996800,0.0001934
1688083200,0.0002071
1688169600,0.0002126
1688256000,0.0002136
1688342400,0.0002128
1688428800,0.000212
1688515200,0.0002065
1688601600,0.0002034
1688688000,0.0002027
1688774400,0.0002045
1688860800,0.0002038
1688947200,0.000203
1689033600,0.0002025
1689120000,0.0002057
1689206400,0.0002266
1689292800,0.0002294
1689379200,0.0002283
1689465600,0.0002184
1689552000,0.0002386
1689638400,0.0002314
1689724800,0.0002312
1689811200,0.0002806
1689897600,0.0002719
1689984000,0.0002644
1690070400,0.0002622
1690156800,0.00026
1690243200,0.0002528
1690329600,0.0002638
1690416000,0.0002735
1690502400,0.0002652
1690588800,0.0002672
1690675200,0.000258
1690761600,0.0002582
1690848000,0.0002572
1690934400,0.0002519
1691020800,0.000244
1691107200,0.0002454
1691193600,0.0002487
1691280000,0.0002442
1691366400,0.0002508
1691452800,0.0002505
1691539200,0.0002596
1691625600,0.0002587
1691712000,0.0002547
1691798400,0.000253
1691884800,0.0002515
1691971200,0.0002517
1692057600,0.0002412
1692144000,0.0002353
1692230400,0.0002324
1692316800,0.0002371
1692403200,0.0002367
1692489600,0.0002375
1692576000,0.0002364
1692662400,0.0002347
1692748800,0.0002402
1692835200,0.0002325
1692921600,0.0002307
1693008000,0.0002309
1693094400,0.0002309
1693180800,0.0002289
1693267200,0.0002235
1693353600,0.0002172
1693440000,0.0002265
1693526400,0.0002302
1693612800,0.0002308
1693699200,0.000232
1693785600,0.0002329
1693872000,0.000238
1693958400,0.0002447
1694044800,0.0002434
1694131200,0.0002424
1694217600,0.000238
1694304000,0.0002328
1694390400,0.0002317
1694476800,0.0002305
1694563200,0.0002297
1694649600,0.000232
1694736000,0.0002394
1694822400,0.0002364
1694908800,0.0002317
1694995200,0.0002455
1695081600,0.0002517
1695168000,0.0002547
1695254400,0.0002507
1695340800,0.0002617
1695427200,0.0002707
1695513600,0.0002656
1695600000,0.0002849
1695686400,0.0002807
1695772800,0.0002898
1695859200,0.000289
1695945600,0.0002953
1696032000,0.0003036
1696118400,0.0002877
1696204800,0.0002716
1696291200,0.0002701
1696377600,0.0002761
1696464000,0.0002724
1696550400,0.0002736
1696636800,0.0002691
1696723200,0.0002749
1696809600,0.0002638
1696896000,0.000265
1696982400,0.0002752
1697068800,0.0002691
1697155200,0.0002702
1697241600,0.000273
1697328000,0.0002733
1697414400,0.000264
1697500800,0.0002578
1697587200,0.0002597
1697673600,0.0002543
1697760000,0.0002553
1697846400,0.000298
1697932800,0.0003398
1698019200,0.0003197
1698105600,0.0003058
1698192000,0.0003205
1698278400,0.00032
1698364800,0.00033
1698451200,0.0003206
1698537600,0.000321
1698624000,0.0003255
1698710400,0.0003277
1698796800,0.0003285
1698883200,0.000315
1698969600,0.0003302
1699056000,0.0003279
1699142400,0.0003492
1699228800,0.0003706
1699315200,0.0003684
1699401600,0.000419
1699488000,0.0003979
1699574400,0.0004158
1699660800,0.0004434
1699747200,0.0004322
1699833600,0.0003935
1699920000,0.0003923
1700006400,0.0003969
1700092800,0.0003836
1700179200,0.0003743
1700265600,0.0003758
1700352000,0.0003993
1700438400,0.0003865
1700524800,0.0003738
1700611200,0.0003799
1700697600,0.0003859
1700784000,0.0003841
1700870400,0.0003908
1700956800,0.0003943
1701043200,0.0003809
1701129600,0.000384
1701216000,0.0003834
1701302400,0.000382
1701388800,0.0003874
1701475200,0.0004055
1701561600,0.0003928
1701648000,0.0003765
1701734400,0.0003568
1701820800,0.0003488
1701907200,0.0003626
1701993600,0.0003831
1702080000,0.0003705
1702166400,0.0003736
1702252800,0.0003579
1702339200,0.0003502
1702425600,0.0003445
1702512000,0.0003571
1702598400,0.0003408
1702684800,0.0003388
1702771200,0.0003387
1702857600,0.000344
1702944000,0.0003335
1703030400,0.0003265
1703116800,0.000349
1703203200,0.0003521
1703289600,0.0003587
1703376000,0.0003549
1703462400,0.0003575
1703548800,0.0003547
1703635200,0.0003847
1703721600,0.000376
1703808000,0.0003694
1703894400,0.0003598
1703980800,0.0003533
1704067200,0.000352
1704153600,0.0003372
1704240000,0.0003303
1704326400,0.0003287
1704412800,0.0003191
1704499200,0.0003056
1704585600,0.0002991
1704672000,0.0003014
1704758400,0.0002974
1704844800,0.0003231
1704931200,0.0003241
1705017600,0.0003307
1705104000,0.0003352
1705190400,0.0003532
1705276800,0.000357
1705363200,0.000354
1705449600,0.0003686
1705536000,0.0003549
1705622400,0.0003869
1705708800,0.0003785
1705795200,0.0003702
1705881600,0.0003688
1705968000,0.0003584
1706054400,0.0003553
1706140800,0.0003441
1706227200,0.0003395
1706313600,0.0003405
1706400000,0.0003446
1706486400,0.0003463
1706572800,0.0003604
1706659200,0.0003624
1706745600,0.0003988
1706832000,0.0004128
1706918400,0.0004105
1707004800,0.0004263
1707091200,0.0004486
1707177600,0.0004243
1707264000,0.0004244
1707350400,0.0004023
1707436800,0.0003918
1707523200,0.0003996
1707609600,0.0004171
1707696000,0.00041
1707782400,0.0003998
1707868800,0.0003909
1707955200,0.0003841
1708041600,0.0003752
1708128000,0.0003879
1708214400,0.0003858
1708300800,0.000383
1708387200,0.0003689
1708473600,0.0003587
1708560000,0.0003531
1708646400,0.0003533
1708732800,0.0003591
1708819200,0.000362
1708905600,0.0003505
1708992000,0.0003335
1709078400,0.0003113
1709164800,0.0003153
1709251200,0.0003216
1709337600,0.0003452
1709424000,0.0003248
1709510400,0.000299
1709596800,0.0002979
1709683200,0.000304
1709769600,0.0003006
1709856000,0.0002891
1709942400,0.0002923
1710028800,0.0003145
1710115200,0.0002951
1710201600,0.0002897
1710288000,0.0002843
1710374400,0.0002925
1710460800,0.0002823
1710547200,0.0002774
1710633600,0.0002729
1710720000,0.0002708
1710806400,0.0002713
1710892800,0.0002713
1710979200,0.0002819
1711065600,0.0002879
1711152000,0.0002821
1711238400,0.0002754
1711324800,0.0002772
1711411200,0.000286
1711497600,0.0002776
1711584000,0.0002706
1711670400,0.0002716
1711756800,0.0002719
1711843200,0.000269
1711929600,0.0002636
1712016000,0.0002741
1712102400,0.0002678
1712188800,0.0002598
1712275200,0.0002554
1712361600,0.000255
1712448000,0.0002582
1712534400,0.0002526
1712620800,0.0002511
1712707200,0.0002467
1712793600,0.0002507
1712880000,0.0002259
1712966400,0.0002079
1713052800,0.0002148
1713139200,0.0002142
1713225600,0.0002111
1713312000,0.0002144
1713398400,0.0002188
1713484800,0.0002184
1713571200,0.0002303
1713657600,0.0002325
1713744000,0.0002311
1713830400,0.0002285
1713916800,0.0002262
1714003200,0.0002264
1714089600,0.0002272
1714176000,0.0002248
1714262400,0.0002188
1714348800,0.0002204
1714435200,0.0002164
1714521600,0.0002289
1714608000,0.0002301
1714694400,0.0002241
1714780800,0.0002241
1714867200,0.0002245
1714953600,0.0002294
1715040000,0.0002246
1715126400,0.0002271
1715212800,0.0002258
1715299200,0.000223
1715385600,0.0002187
1715472000,0.0002205
1715558400,0.0002127
1715644800,0.0002108
1715731200,0.0002094
1715817600,0.0002379
1715904000,0.0002423
1715990400,0.0002439
1716076800,0.0002501
1716163200,0.0002417
1716249600,0.0002386
1716336000,0.0002364
1716422400,0.0002442
1716508800,0.0002517
1716595200,0.0002519
1716681600,0.0002487
1716768000,0.0002705
1716854400,0.000271
1716940800,0.0002729
1717027200,0.0002625
1717113600,0.0002726
1717200000,0.0002721
1717286400,0.0002679
1717372800,0.0002562
1717459200,0.0002512
1717545600,0.0002496
1717632000,0.0002437
1717718400,0.0002354
1717804800,0.0002298
1717891200,0.0002352
1717977600,0.0002287
1718064000,0.0002227
1718150400,0.0002345
1718236800,0.0002268
1718323200,0.0002233
1718409600,0.0002244
1718496000,0.000227
1718582400,0.0002184
1718668800,0.0002148
1718755200,0.0002209
1718841600,0.0002198
1718928000,0.0002159
1719014400,0.0002098
1719100800,0.0002088
1719187200,0.0002258
1719273600,0.0002298
1719360000,0.0002287
1719446400,0.000234
1719532800,0.000228
1719619200,0.0002221
1719705600,0.0002276
1719792000,0.0002278
1719878400,0.000232
1719964800,0.0002258
1720051200,0.0002198
1720137600,0.0002174
1720224000,0.0002265
1720310400,0.0002211
1720396800,0.0002315
1720483200,0.0002213
1720569600,0.0002216
1720656000,0.0002153
1720742400,0.0002201
1720828800,0.0002199
1720915200,0.0002212
1721001600,0.0002224
1721088000,0.0002184
1721174400,0.0002144
1721260800,0.0002125
1721347200,0.0002112
1721433600,0.0002123
1721520000,0.0002175
1721606400,0.0002064
1721692800,0.000211
1721779200,0.0002051
1721865600,0.0001966
1721952000,0.0001993
1722038400,0.0001997
1722124800,0.000195
1722211200,0.0002028
1722297600,0.0001986
1722384000,0.0001986
1722470400,0.0001973
1722556800,0.000194
1722643200,0.0001926
1722729600,0.0001872
1722816000,0.000176
1722902400,0.0001796
1722988800,0.000172
1723075200,0.0001743
1723161600,0.0001733
1723248000,0.0001732
1723334400,0.0001703
1723420800,0.0001779
1723507200,0.0001747
1723593600,0.0001771
1723680000,0.0001766
1723766400,0.0001721
1723852800,0.0001708
1723939200,0.0001724
1724025600,0.0001711
1724112000,0.0001734
1724198400,0.0001835
1724284800,0.0001902
1724371200,0.0001883
1724457600,0.0001925
1724544000,0.0001885
1724630400,0.0001884
1724716800,0.0001878
1724803200,0.0001894
1724889600,0.0001844
1724976000,0.0001881
1725062400,0.0001868
1725148800,0.0001809
1725235200,0.0001821
1725321600,0.0001794
1725408000,0.0001784
1725494400,0.0001785
1725580800,0.0001774
1725667200,0.0001852
1725753600,0.0001888
1725840000,0.0001847
1725926400,0.0001838
1726012800,0.0001814
1726099200,0.0001856
1726185600,0.0001892
1726272000,0.0001883
1726358400,0.0001828
1726444800,0.0001812
1726531200,0.0001762
1726617600,0.0001764
1726704000,0.0001779
1726790400,0.0001809
1726876800,0.0001816
1726963200,0.0001751
1727049600,0.0001799
1727136000,0.0001891
1727222400,0.0001919
1727308800,0.0001927
1727395200,0.0001926
1727481600,0.0001966
1727568000,0.0001898
1727654400,0.0001872
1727740800,0.0001811
1727827200,0.0001759
1727913600,0.0001754
1728000000,0.0001784
1728086400,0.0001813
1728172800,0.0001794
1728259200,0.0001794
1728345600,0.0001742
1728432000,0.0001738
1728518400,0.0001751
1728604800,0.0001745
1728691200,0.000174
1728777600,0.0001709
1728864000,0.0001708
1728950400,0.0001708
1729036800,0.0001662
1729123200,0.0001636
1729209600,0.0001678
1729296000,0.0001669
1729382400,0.0001734
1729468800,0.0001737
1729555200,0.0001777
1729641600,0.0001698
1729728000,0.0001703
1729814400,0.0001669
1729900800,0.000164
1729987200,0.0001615
1730073600,0.0001599
1730160000,0.000162
1730246400,0.0001714
1730332800,0.0001623
1730419200,0.000162
1730505600,0.0001613
1730592000,0.0001564
1730678400,0.0001512
1730764800,0.0001563
1730851200,0.0001611
1730937600,0.000166
1731024000,0.0001788
1731110400,0.0001797
1731196800,0.0001775
1731283200,0.0001683
1731369600,0.0001585
1731456000,0.0001492
1731542400,0.000149
1731628800,0.0001519
1731715200,0.0001604
1731801600,0.0001534
1731888000,0.0001688
1731974400,0.0001584
1732060800,0.0001509
1732147200,0.0001515
1732233600,0.0001675
1732320000,0.000178
1732406400,0.0001828
1732492800,0.0001864
1732579200,0.0001887
1732665600,0.0001947
1732752000,0.0001875
1732838400,0.0001872
1732924800,0.0001971
1733011200,0.0001947
1733097600,0.0002631
1733184000,0.0002514
1733270400,0.0002441
1733356800,0.0002387
1733443200,0.0002592
1733529600,0.0002483
1733616000,0.000258
1733702400,0.000229
1733788800,0.000229
1733875200,0.0002379
1733961600,0.0002914
1734048000,0.0002859
1734134400,0.0002872
1734220800,0.0002801
1734307200,0.0002709
1734393600,0.0002624
1734480000,0.0002482
1734566400,0.0002339
1734652800,0.0002391
1734739200,0.0002272
1734825600,0.0002321
1734912000,0.0002589
1734998400,0.0002578
1735084800,0.0002456
1735171200,0.0002367
1735257600,0.0002286
1735344000,0.0002307
1735430400,0.0002236
1735516800,0.0002219
1735603200,0.0002139
1735689600,0.0002297
1735776000,0.0002276
1735862400,0.0002391
1735948800,0.0002402
1736035200,0.0002396
1736121600,0.0002331
1736208000,0.0002206
1736294400,0.0002151
1736380800,0.0002123
1736467200,0.0002137
1736553600,0.0002136
1736640000,0.0002099
1736726400,0.0002048
1736812800,0.0002101
1736899200,0.0002199
1736985600,0.0002301
1737072000,0.0002411
1737158400,0.0002308
1737244800,0.0002401
1737331200,0.0002452
1737417600,0.0002512
1737504000,0.000244
1737590400,0.0002471
1737676800,0.0002401
1737763200,0.0002378
1737849600,0.0002425
1737936000,0.0002371
1738022400,0.0002232
1738108800,0.000228
1738195200,0.0002335
1738281600,0.0002457
1738368000,0.0002283
1738454400,0.0002095
1738540800,0.0002138
1738627200,0.0002042
1738713600,0.0001986
1738800000,0.0001926
1738886400,0.0001904
1738972800,0.0001911
1739059200,0.0001894
1739145600,0.0001929
1739232000,0.0001948
1739318400,0.0001962
1739404800,0.0001919
1739491200,0.0001988
1739577600,0.0001947
1739664000,0.0001945
1739750400,0.0001995
1739836800,0.0001867
1739923200,0.0001861
1740009600,0.000186
1740096000,0.0001811
1740182400,0.0001838
1740268800,0.0001829
1740355200,0.0001666
1740441600,0.0001726
1740528000,0.0001812
1740614400,0.0001783
1740700800,0.0001754
1740787200,0.0001714
1740873600,0.0001847
1740960000,0.0001676
1741046400,0.0001703
1741132800,0.0001814
1741219200,0.0001897
1741305600,0.0001836
1741392000,0.000177
1741478400,0.0001709
1741564800,0.0001609
1741651200,0.0001583
1741737600,0.0001612
1741824000,0.0001607
1741910400,0.0001626
1741996800,0.0001661
1742083200,0.0001619
1742169600,0.0001669
1742256000,0.0001683
1742342400,0.000173
1742428800,0.0001688
1742515200,0.000166
1742601600,0.0001699
1742688000,0.0001681
1742774400,0.0001729
1742860800,0.0001766
1742947200,0.0001754
1743033600,0.0001779
1743120000,0.0001688
1743206400,0.0001639
1743292800,0.0001628
1743379200,0.0001637
1743465600,0.0001648
1743552000,0.0001563
1743638400,0.000155
1743724800,0.0001543
1743811200,0.0001538
1743897600,0.000144
1743984000,0.0001446
1744070400,0.0001432
1744156800,0.0001532
1744243200,0.0001517
1744329600,0.0001517
1744416000,0.0001541
1744502400,0.0001508
1744588800,0.0001494
1744675200,0.0001463
1744761600,0.000147
1744848000,0.0001475
1744934400,0.0001487
1745020800,0.0001521
1745107200,0.000156
1745193600,0.0001497
1745280000,0.0001513
1745366400,0.0001603
1745452800,0.0001602
1745539200,0.0001576
1745625600,0.0001571
1745712000,0.0001552
1745798400,0.0001582
1745884800,0.000155
1745971200,0.0001517
1746057600,0.0001529
1746144000,0.0001514
1746230400,0.0001486
1746316800,0.000147
1746403200,0.0001439
1746489600,0.0001427
1746576000,0.0001424
1746662400,0.0001539
1746748800,0.0001555
1746835200,0.0001654
1746921600,0.0001643
1747008000,0.0001628
1747094400,0.0001672
1747180800,0.0001643
1747267200,0.0001545
1747353600,0.0001523
1747440000,0.0001485
1747526400,0.0001491
1747612800,0.0001495
1747699200,0.0001469
1747785600,0.000147
1747872000,0.0001499
1747958400,0.0001449
1748044800,0.0001424
1748131200,0.0001425
1748217600,0.0001419
1748304000,0.0001461
1748390400,0.0001455
1748476800,0.0001425
1748563200,0.0001336
1748649600,0.0001335
1748736000,0.0001331
1748822400,0.0001331
1748908800,0.0001339
1748995200,0.0001322
1749081600,0.000127
1749168000,0.0001301
1749254400,0.000131
1749340800,0.0001298
1749427200,0.0001301
1749513600,0.00014
1749600000,0.0001371
1749686400,0.0001323
1749772800,0.0001267
1749859200,0.0001248
1749945600,0.0001259
1750032000,0.0001269
1750118400,0.0001242
1750204800,0.0001252
1750291200,0.0001248
1750377600,0.0001211
1750464000,0.0001175
1750550400,0.0001155
1750636800,0.0001217
1750723200,0.0001264
1750809600,0.0001223
1750896000,0.0001208
1750982400,0.0001219
1751068800,0.0001248
1751155200,0.0001265
1751241600,0.0001248
1751328000,0.000122
1751414400,0.0001245
1751500800,0.0001247
1751587200,0.0001219
1751673600,0.0001221
1751760000,0.0001236
1751846400,0.000124
1751932800,0.0001282
1752019200,0.0001281
1752105600,0.0001314
1752192000,0.00013
1752278400,0.0001286
1752364800,0.0001315
1752451200,0.0001314
1752537600,0.0001367
1752624000,0.0001405
1752710400,0.000151
1752796800,0.0001511
1752883200,0.0001561
1752969600,0.0001643
1753056000,0.0001661
1753142400,0.000164
1753228800,0.0001533
1753315200,0.0001513
1753401600,0.0001555
1753488000,0.000156
1753574400,0.0001611
1753660800,0.0001532
1753747200,0.0001512
1753833600,0.0001504
1753920000,0.0001462
1754006400,0.000142
1754092800,0.0001389
1754179200,0.0001427
1754265600,0.0001486
1754352000,0.0001436
1754438400,0.000145
1754524800,0.0001572
1754611200,0.0001705
1754697600,0.0001882
1754784000,0.0001848
1754870400,0.0001776
1754956800,0.0001964
1755043200,0.0001944
1755129600,0.0001899
1755216000,0.0001853
1755302400,0.0001929
1755388800,0.0002184
1755475200,0.0002218
1755561600,0.0002087
1755648000,0.0002315
1755734400,0.0002206
1755820800,0.0002292
1755907200,0.0002277
1755993600,0.0002275
1756080000,0.0002123
1756166400,0.0002181
1756252800,0.0002137
1756339200,0.0002238
1756425600,0.0002161
1756512000,0.0002159
1756598400,0.0002142
1756684800,0.0002061
1756771200,0.0002111
1756857600,0.0002121
1756944000,0.0002016
1757030400,0.0002015
1757116800,0.0002015
1757203200,0.0002022
1757289600,0.0002057
1757376000,0.0002066
1757462400,0.0002068
1757548800,0.0002118
1757635200,0.0002165
1757721600,0.0002147
1757808000,0.0002091
1757894400,0.0002044
1757980800,0.0002011
1758067200,0.000206
1758153600,0.0002104
1758240000,0.000203
1758326400,0.0002017
1758412800,0.0001994
1758499200,0.0001922
1758585600,0.0001921
1758672000,0.0001907
1758758400,0.0001845
1758844800,0.0001922
1758931200,0.0001907
1759017600,0.0001933
1759104000,0.00019
1759190400,0.0001868
1759276800,0.0001904
1759363200,0.000189
1759449600,0.0001841
1759536000,0.0001799
1759622400,0.0001781
1759708800,0.0001874
1759795200,0.0001797
1759881600,0.0001835
1759968000,0.0001809
1760054400,0.0001535
1760140800,0.0001554
1760227200,0.0001653
1760313600,0.0001724
1760400000,0.0001689
1760486400,0.0001631
1760572800,0.000161
1760659200,0.000156
1760745600,0.0001569
1760832000,0.0001591
1760918400,0.0001688
1761004800,0.0001625
1761091200,0.0001598
1761177600,0.0001583
1761264000,0.0001612
1761350400,0.0001614
1761436800,0.000162
1761523200,0.0001596
1761609600,0.000158
1761696000,0.0001648
1761782400,0.0001552
1761868800,0.0001574
1761955200,0.0001557
1762041600,0.000159
1762128000,0.0001429
1762214400,0.0001447
1762300800,0.0001454
1762387200,0.0001455
1762473600,0.0001526
1762560000,0.0001518
1762646400,0.0001522
1762732800,0.0001544
1762819200,0.0001483
1762905600,0.000149
1762992000,0.000146
1763078400,0.000146
1763164800,0.0001478
1763251200,0.0001458
1763337600,0.0001446
1763424000,0.0001485
1763510400,0.0001479
1763596800,0.0001493
1763683200,0.0001423
1763769600,0.0001438
1763856000,0.0001441
1763942400,0.0001469
1764028800,0.0001497
1764115200,0.0001486
1764201600,0.000146
1764288000,0.0001444
1764374400,0.0001432
1764460800,0.0001433
1764547200,0.0001399
1764633600,0.0001476
1764720000,0.0001567
1764806400,0.0001547
1764892800,0.0001521
1764979200,0.000156
1765065600,0.000151
1765152000,0.0001519
1765238400,0.0001556
1765324800,0.0001533
1765411200,0.000152
1765497600,0.000151
1765584000,0.0001522
1765670400,0.0001506
1765756800,0.0001488
1765843200,0.0001473
1765929600,0.0001422
1766016000,0.0001396
1766102400,0.0001422
1766188800,0.000142
1766275200,0.0001403
1766361600,0.0001419
1766448000,0.0001417
1766534400,0.00014
1766620800,0.0001382
1766707200,0.0001395
1766793600,0.0001424
1766880000,0.000142
1766966400,0.000141
1767052800,0.0001404
1767139200,0.0001392
1767225600,0.0001419
1767312000,0.0001474
1767398400,0.0001461
1767484800,0.0001467
1767571200,0.0001481
1767657600,0.0001497
1767744000,0.0001472
1767830400,0.000145
1767916800,0.0001449
1768003200,0.0001452
1768089600,0.0001451
1768176000,0.0001433
1768262400,0.0001474
1768348800,0.0001456
1768435200,0.0001443
1768521600,0.0001436
1768608000,0.0001444
1768694400,0.0001423
1768780800,0.0001391
1768867200,0.0001371
1768953600,0.0001386
1769040000,0.0001368
1769126400,0.0001364
1769212800,0.0001368
1769299200,0.000133
1769385600,0.0001352
1769472000,0.000135
1769558400,0.0001326
1769644800,0.0001312
1769731200,0.0001281
1769817600,0.0001269
1769904000,0.0001221
1769990400,0.0001246
1770076800,0.0001252
1770163200,0.0001264
1770249600,0.0001258
1770336000,0.0001259
1770422400,0.0001286
1770508800,0.0001254
1770595200,0.000126
1770681600,0.0001245
1770768000,0.0001241
1770854400,0.000127
1770940800,0.0001274
1771027200,0.0001302
1771113600,0.0001278
1771200000,0.0001297
1771286400,0.0001307
1771372800,0.0001295
1771459200,0.000128
1771545600,0.0001315
1771632000,0.0001305
1771718400,0.0001283
1771804800,0.0001279
1771891200,0.000128
1771977600,0.0001363
1772064000,0.0001349
1772150400,0.0001323
1772236800,0.0001321
1772323200,0.000132
1772409600,0.0001301
1772496000,0.000129
1772582400,0.0001286
1772668800,0.0001298
1772755200,0.0001291
1772841600,0.0001292
1772928000,0.0001291
1773014400,0.0001296
1773100800,0.0001284
1773187200,0.0001282
1773273600,0.0001284
1773360000,0.000128
1773446400,0.0001288
1773532800,0.0001304
1773619200,0.0001326
1773705600,0.0001325
1773792000,0.0001294
1773878400,0.0001293
1773964800,0.0001293
1774051200,0.000128
1774137600,0.000128
1774224000,0.0001285
1774310400,0.0001311
1774396800,0.0001315
1774483200,0.0001294
1774569600,0.0001291
1774656000,0.0001271
1774742400,0.0001274
1774828800,0.0001291
1774915200,0.0001287
1775001600,0.0001313
1775088000,0.000129
1775174400,0.0001293
1775260800,0.0001291
1775347200,0.0001278
1775433600,0.0001279
1775520000,0.0001291
1775606400,0.0001246
1775692800,0.0001246
1775779200,0.0001245
1775865600,0.0001241
1775952000,0.0001235
1776038400,0.0001257
1776124800,0.0001217
1776211200,0.0001238
1776297600,0.0001277
1776384000,0.0001248
1776470400,0.0001228
1776556800,0.0001228
1776643200,0.0001224
1776729600,0.0001232
1776816000,0.0001189
1776902400,0.0001195
1776988800,0.0001211
1777075200,0.0001204
1777161600,0.0001206
1777248000,0.0001206
1777334400,0.000121
1777420800,0.0001202
1777507200,0.0001192
1777593600,0.0001163
1777680000,0.0001167
1777766400,0.0001163
1777852800,0.0001172
1777939200,0.0001207
1778025600,0.0001228
1778112000,0.0001231
1778198400,0.0001289
1778284800,0.0001285
1778371200,0.0001304
1778457600,0.0001295
1778544000,0.0001278
1778630400,0.0001288
1778716800,0.0001293
1778803200,0.0001274
1778889600,0.0001244
1778976000,0.0001235
1779062400,0.0001246
1779148800,0.0001231
1779235200,0.0001241
1779321600,0.0001257
1779408000,0.0001247
1779494400,0.0001247
1779580800,0.0001225
1779667200,0.0001229
1779753600,0.0001236
1779840000,0.0001228
1779926400,0.0001224
1780012800,0.0001229
1780099200,0.0001243
1780185600,0.0001239
1780272000,0.0001266
1780358400,0.0001253
1780444800,0.0001302
1780531200,0.0001256
1780617600,0.0001207
1780704000,0.0001215
1780790400,0.000125
1780876800,0.0001268
1780963200,0.0001271
1781049600,0.0001229
1781136000,0.000124
1781222400,0.0001237
1781308800,0.0001239
1781395200,0.0001244
1781481600,0.0001251
1781568000,0.0001261
1781654400,0.0001254
1781740800,0.0001273
1781827200,0.0001251
1781913600,0.0001243
1782000000,0.0001228
1782086400,0.0001229
1782172800,0.0001217
1782259200,0.0001216
1782345600,0.0001212
1782432000,0.0001224
1782518400,0.0001215
1782604800,0.000122
1782691200,0.0001224
1782777600,0.0001228
1782864000,0.0001225
1782950400,0.0001259
1783036800,0.0001274
1783123200,0.0001268
1783209600,0.0001267
1783296000,0.0001252
1783382400,0.0001241
1783468800,0.0001226
1783555200,0.0001222
1783641600,0.0001242
1783728000,0.0001241
1783814400,0.0001254
1783900800,0.0001266
1783987200,0.0001284
1784073600,0.0001319
1784160000,0.0001306
1784246400,0.0001291
1784332800,0.0001287
1784419200,0.0001295
1784505600,0.0001317
1784592000,0.00013
1784678400,0.0001305
1784764800,0.0001301
1784851200,0.00013
1784937600,0.0001303
1785024000,0.0001349
1785110400,0.0001313
1785196800,0.0001321
1785283200,0.0001302
1785369600,0.0001306
1785456000,0.0001299